1/Filipe Edson Mateus Silva/diogomatheusmonteiro@gmail.com
2/Juan Marcelo Galvão/juanmarcelogalvao_@gmail.com
3/Priscila Analu Stefany Campos/priscilaanalustefanycampos@gmail.com
4/Luzia Eliane Galvão/luziaelianegalvao@gmail.com
5/Antonio Joaquim Juan Jesus/antoniojoaquim_@gmail.com
6/Rodrigo Murilo Melo/rodrigomurilo2_@gmail.com
7/Isabella Josefa Lara da Mata/isabellajose.2@gmail.com
8/Marcos Bento Almada/marcosbentoalmada_3@gmail.com
9/Guilherme Leonardo Barros/guilhermeleonardobarros_21@gmail.com
10/Jorge Guilherme Alves/jorgeguilhermealves_30@gmail.com
11/Sophia Ana Daiane Carvalho/sophiaanadaianecarvalho_1@gmail.com.br
12/Lorenzo Yago dos Santos/lorenzoyagodossantos_31@gmail.com.br
13/Caleb Enrico Martin Gonçalves/lcalebenricomartingoncalves@gmail.com.br
14/Julio Arthur Cardoso/julioarthurcardoso37@gmail.com.br
15/Nathan Bruno Osvaldo Viana/nathanbrunoosvaldoviana_21@gmail.com.br
16/Márcio Sebastião Nascimento/marciosebastiaonascimento@gmail.com.br
17/Levi Theo Vinicius Barbosa/levitheoviniciusbarbosa_10@gmail.com.br
18/Edson Felipe Thiago de Paula/eedsonfelipethiagodepaula@gmail.com.br
19/Andrea Brenda da Rocha/andreabrendadarocha_12@gmail.com.br
20/Victor Arthur Henrique da Luz/victorarthurhenriquedaluz19@gmail.com.br
21/Catarina Daiane Sônia Castro/catarinadaianesoniacastro_70@gmail.com.br
22/Sandra Mariane Agatha Silva/sandramarianeagathasilva13@gmail.com.br